{
  "build": {
    "arduino": {
      "ldscript": "esp32s2_out.ld"
    },
    "core": "esp32",
    "extra_flags": [
      "-DARDUINO_DYMv2",
      "-DBOARD_HAS_PSRAM",
      "-DARDUINO_USB_CDC_ON_BOOT=1"
    ],
    "f_cpu": "240000000L",
    "f_flash": "80000000L",
    "flash_mode": "qio",
    "hwids": [
      [
        "0x303A",
        "0x8144"
      ]
    ],
    "mcu": "esp32s2",
    "variant": "deneyapminiv2"
  },
  "connectivity": [
    "wifi"
  ],
  "debug": {
    "openocd_target": "esp32s2.cfg"
  },
  "frameworks": [
    "arduino",
    "espidf"
  ],
  "name": "Deneyap Mini v2",
  "upload": {
    "flash_size": "4MB",
    "maximum_ram_size": 327680,
    "maximum_size": 4194304,
    "use_1200bps_touch": true,
    "wait_for_upload_port": true,
    "require_upload_port": true,
    "speed": 460800
  },
  "url": "https://magaza.deneyapkart.org/tr/product/detail/deneyap-mini-v2-type-c",
  "vendor": "T3 Foundation"
}
