{
  "build": {
    "core": "esp32",
    "extra_flags": [
      "-DARDUINO_MOTORGO_MINI_1",
      "-DARDUINO_USB_CDC_ON_BOOT=1",
      "-DARDUINO_RUNNING_CORE=1",
      "-DARDUINO_EVENT_RUNNING_CORE=1"
    ],
    "f_cpu": "240000000L",
    "f_flash": "80000000L",
    "flash_mode": "qio",
    "hwids": [
      [
        "0X303A",
        "0x1001"
      ]
    ],
    "mcu": "esp32s3",
    "variant": "motorgo_mini_1"
  },
  "connectivity": [
    "bluetooth",
    "wifi"
  ],
  "debug": {
    "openocd_target": "esp32s3.cfg"
  },
  "frameworks": [
    "arduino",
    "espidf"
  ],
  "name": "MotorGo Mini 1 (ESP32-S3)",
  "upload": {
    "flash_size": "4MB",
    "maximum_ram_size": 327680,
    "maximum_size": 4194304,
    "require_upload_port": true,
    "speed": 460800
  },
  "url": "https://motorgo.net/shop/ols/products/motorgo-mini-v1-dot-2-starter-kit-plus-motors",
  "vendor": "MotorGo"
}
