{
  "build": {
    "arduino": {
      "ldscript": "esp32s3_out.ld",
      "memory_type": "qio_qspi"
    },
    "core": "esp32",
    "extra_flags": [
      "-DARDUINO_NAMINO_ARANCIO",
      "-DARDUINO_USB_CDC_ON_BOOT=1"
    ],
    "f_cpu": "240000000L",
    "f_flash": "80000000L",
    "flash_mode": "qio",
    "hwids": [
      [
        "0x303A",
        "0x1001"
      ]
    ],
    "mcu": "esp32s3",
    "variant": "namino_arancio"
  },
  "connectivity": [
    "wifi"
  ],
  "debug": {
    "openocd_target": "esp32s3.cfg"
  },
  "frameworks": [
    "arduino",
    "espidf"
  ],
  "name": "Namino Arancio",
  "upload": {
    "flash_size": "4MB",
    "maximum_ram_size": 327680,
    "maximum_size": 4194304,
    "use_1200bps_touch": true,
    "wait_for_upload_port": true,
    "require_upload_port": true,
    "speed": 460800
  },
  "url": "https://namino.cc/boards/namino-arancio",
  "vendor": "MECT SRL"
}
