{
  "build": {
    "core": "esp32",
    "f_cpu": "160000000L",
    "f_flash": "80000000L",
    "flash_mode": "qio",
    "extra_flags": "-DARDUINO_ESP32C3_DEV -DARDUINO_USB_MODE=1 -DARDUINO_USB_CDC_ON_BOOT=1",
    "mcu": "esp32c3",
    "variant": "nologo_esp32c3_super_mini"
  },
  "connectivity": [
    "wifi",
    "bluetooth"
  ],
  "debug": {
    "openocd_target": "esp32c3.cfg"
  },
  "frameworks": [
    "arduino",
    "espidf"
  ],
  "name": "Nologo ESP32C3 SuperMini",
  "upload": {
    "flash_size": "4MB",
    "maximum_ram_size": 327680,
    "maximum_size": 4194304,
    "require_upload_port": true,
    "speed": 460800
  },
  "url": "https://www.nologo.tech/product/esp32/esp32c3/esp32c3supermini/esp32C3SuperMini.html",
  "vendor": "Nologo"
}