{
  "build": {
    "arduino": {
      "ldscript": "esp32s2_out.ld",
      "partitions": "partitions-4MB-tinyuf2.csv",
      "memory_type": "qio_qspi"
    },
    "core": "esp32",
    "extra_flags": [
      "-DARDUINO_SENSEBOX_MCU_ESP32S2",
      "-DBOARD_HAS_PSRAM",
      "-DARDUINO_USB_CDC_ON_BOOT=1",
      "-DARDUINO_USB_MSC_ON_BOOT=1"
    ],
    "f_cpu": "240000000L",
    "f_flash": "80000000L",
    "flash_mode": "qio",
    "hwids": [
      [
        "0x303A",
        "0x81B8"
      ],
      [
        "0x303A",
        "0x81B9"
      ],
      [
        "0x303A",
        "0x81BA"
      ]
    ],
    "mcu": "esp32s2",
    "variant": "sensebox_mcu_esp32s2"
  },
  "connectivity": [
    "wifi"
  ],
  "debug": {
    "openocd_target": "esp32s2.cfg"
  },
  "frameworks": [
    "arduino",
    "espidf"
  ],
  "name": "senseBox MCU-S2 ESP32-S2",
  "upload": {
    "arduino": {
      "flash_extra_images": [
        [
          "0x2d0000",
          "variants/sensebox_mcu_esp32s2/tinyuf2.bin"
        ]
      ]
    },
    "flash_size": "4MB",
    "maximum_ram_size": 327680,
    "maximum_size": 4194304,
    "use_1200bps_touch": true,
    "wait_for_upload_port": true,
    "require_upload_port": true,
    "speed": 460800
  },
  "url": "https://sensebox.de/en/products-home",
  "vendor": "senseBox"
}
